#2,Cogedis,01 30 30 94 95
#5,Mega International,Pas trouvé
#5,Bourse Direct,Pas trouvé
#5,Constellium,Pas trouvé
#5,Agrial,Pas trouvé
#5,Boralex,Pas trouvé
#2,Fives Celes,03 89 74 55 00
#5,Francofa,Pas trouvé
#5,Fnacdarty,Pas trouvé
#5,Lagardere Television & Radios,Pas trouvé
#2,Lagardere Societes De Productions,01 40 74 78 88
#2,Fives Celes,03 89 74 55 00
#5,Itnovem,Pas trouvé
#5,La Banque Postale,Pas trouvé
#5,Lagardere Television & Radios,Pas trouvé
#2,Fives Celes,03 89 74 55 00
#5,Fnacdarty,Pas trouvé
#5,Gefco,Pas trouvé
#2,Geodis,0 892 05 28 28
#2,Groupe Seb,09 64 45 94 50
#5,Fnacdarty,Pas trouvé
#5,La Banque Postale,Pas trouvé
#2,Fives Celes,03 89 74 55 00
#2,Fives Celes,03 89 74 55 00
#5,Linxens,Pas trouvé
#1,Orangina Suntory France,02 38 46 84 50
#2,SGS,04 42 26 27 85
#5,Sonepar Ouest,Pas trouvé
#1,Sogefi,+91-72590 09298
#2,Citya Immobilier,04 42 88 08 40
#1,Qualiconsult,04 66 84 06 80
#2,Citya Immobilier,04 42 88 08 40
#2,Nexity,0 810 10 03 07
#2,Citya Immobilier,04 42 88 08 40
#2,Nexity,0 810 10 03 07
#2,Nexity,0 810 10 03 07
#5,William Grant & Sons,Pas trouvé
#2,Actis Isolation,04 68 31 31 31
#5,Anafagc,Pas trouvé
#2,Azenco Groupe,05 61 90 22 00
#1,Best Western France,01 58 05 42 00
#5,Bien'Ici,Pas trouvé
#5,Adie Réunion,Pas trouvé
#2,Mairie De Lunion,05 62 89 22 87
#2,Adie,09 70 84 51 13
#5,C2e - Solutions For Cabling,Pas trouvé
#5,Cérélia,Pas trouvé
#5,Change,Pas trouvé
#5,Csl Behring,Pas trouvé
#2,Leduc.s Editions (Groupe Albin Michel),01 42 79 46 00
#5,Gameloft,Pas trouvé
#5,Accorinvest,Pas trouvé
#5,RYB,Pas trouvé
#3,Fdg Group,04 74 81 29 40
#5,Happytal,Pas trouvé
#5,Gutenberg Technology,Pas trouvé
#2,Icade Promotion,04 91 16 29 30
#2,Icade Promotion,04 91 16 29 30
#1,Sogefi Group,+44 1495 712740
#1,Jll France,01 40 55 15 15
#2,Arconic France,01 40 85 36 00
#5,Directique,Pas trouvé
#5,Euromids Sas,Pas trouvé
#5,Conty Sas,Pas trouvé
#3,Edf Renouvelables,09 69 32 15 15
#5,Cybelangel,Pas trouvé
#5,ARC,Pas trouvé
#5,Ds Smith,Pas trouvé
#5,Netatmo,Pas trouvé
#5,Sophos France,Pas trouvé
#5,Upfield,Pas trouvé
#5,Biwater,Pas trouvé
#5,All Circuits,Pas trouvé
#1,Dimotrans Group,04 96 16 15 80


#5,Codilog,Pas trouvé
#2,Dbv Technologies,01 55 42 78 78
#2,Adoma,04 42 64 20 87
#2,Constellium,04 73 55 50 50
#1,Elior France,01 71 06 70 00
#1,Elior France,01 71 06 70 00
#5,Fnacdarty,Pas trouvé
#1,Elior France,01 71 06 70 00
#1,Elior France,01 71 06 70 00
#2,Fives Celes,03 89 74 55 00
#2,Geodis,0 892 05 28 28
#2,Groupe Seb,09 64 45 94 50
#5,Gefco,Pas trouvé
#2,Geodis,0 892 05 28 28
#2,Geodis,0 892 05 28 28
#1,Qualiconsult,04 66 84 06 80
#2,SGS,04 42 26 27 85
#5,Sonepar Ouest,Pas trouvé
#2,Adie,09 70 84 51 13
#2,Alliance High Tech,04 65 26 01 70
#5,Altares - Dun And Bradstreet,Pas trouvé
#1,Au Forum Du Batiment,04 95 04 40 40
#2,Actis Isolation,04 68 31 31 31
#2,Adie,09 70 84 51 13
#2,Brother France,01 49 90 60 00
#5,Dufieux,Pas trouvé
#5,Fdg Group,Pas trouvé
#5,France Gardiennage,Pas trouvé
#2,Froilabo,01 60 95 15 70
#5,Fromfroid,Pas trouvé
#1,Groupe Actual,04 91 62 04 95
#3,Sfpi,02 99 94 04 46
#5,Groupe Valeor,Pas trouvé
#5,Cérélia,Pas trouvé
#1,Groupe Actual,04 91 62 04 95
#2,Gt Logistics,04 79 20 10 49
#2,Groupe Even,02 29 62 50 00
#5,I'Car Systems,Pas trouvé
#2,Ideal Groupe,05 57 83 12 35
#2,Icade Promotion,04 91 16 29 30
#2,Icade Promotion,04 91 16 29 30
#1,Sogefi Group,+44 1495 712740
#1,Sogefi Group,+44 1495 712740
#1,Sogefi Group,+44 1495 712740
#2,Groupe Pasteur Mutualite,01 40 54 54 54
#1,Leaseplan France,01 56 84 10 10
#1,Manpowergroup Solutions France,01 57 66 10 00
#2,Exel Industries,01 71 70 49 50
#3,Faith Connexion / Groupe Allard,01 79 74 24 66
#2,Euromaster Services And Management,04 73 14 39 00
#2,Consuel,04 91 17 49 00
#2,Quechoisir,04 91 90 05 52
#1,Bdr Thermea France,05 56 11 28 00
#5,Prévoir,Pas trouvé
#5,Edf Renouvelables,Pas trouvé
#5,Edf Renouvelables,Pas trouvé
#5,Docusign,Pas trouvé
#5,Ducasse Groupe,Pas trouvé
#1,CRM MÉCA,05 63 80 25 32
#2,EXOSUN,05 56 64 09 24
#1,BAUDIN CHATEAUNEUF,02 38 46 38 46
#2,PROCODIS FRANCE,01 47 98 43 82
#5,SERA - INDUSTRIE,Pas trouvé
#1,FIVES NORDON,03 83 39 54 00
#2,NIPSON TECHNOLOGY,03 84 54 52 42
#2,PROD'LAB,04 91 33 44 63
#1,BUFAB,+44 28 9278 0000
#5,ALSTEF GROUP,Pas trouvé
#5,JENOPTIK,Pas trouvé
#5,SEG - SOGEMA ENGINEERING,Pas trouvé
#5,FROMFROID,Pas trouvé
#2,TUBAO SAS,02 35 33 66 77
#5,JOHNSON CONTROL,Pas trouvé
#2,COMETE - GROUPE FAYAT,04 72 46 90 00
#2,PEUGEOT SAVEURS SNC,03 81 63 79 00
#2,SDMS LA CHAUDRONNERIE BLANCHE,04 76 64 90 56
#5,ADEXSI,Pas trouvé
#2,CNIM,01 44 31 11 00
#5,GERFLOR,Pas trouvé
#5,BIEBUYCK SA,Pas trouvé
#5,TITEFLEX EUROPE,Pas trouvé
#5,TECMA ARIES,Pas trouvé
#5,AGRATI GROUP,Pas trouvé
#2,ANDRE LAURENT SAS,04 77 59 32 80
#5,ECOFIT,Pas trouvé
#5,REEL,Pas trouvé
#3,BERNARD CONTROLS,01 34 07 71 80
#2,VERNET GROUP,01 60 83 03 03
#2,EAMS INDUSTRIE - 29000 -  QUIMPER,02 98 90 80 80
#5,MERCIER ENGRENAGES,Pas trouvé
#2,TORBEL INDUSTRIE,04 93 91 01 44
#5,SOULIER LPM,Pas trouvé
#2,CNIM,01 44 31 11 00
#3,DECAYEUXSTI,04 27 11 86 11
#2,SANDEN MANUFACTURING EUROPE,02 99 45 58 58
#2,MANQUILLET PARIZEL,03 24 53 41 63
#2,CRYO DIFFUSION,02 32 59 03 68
#2,GROUPE ADF,05 62 13 70 59
#2,AVANTIS ENGINEERING,04 42 90 50 80
#2,MAUCOUR FRANCE,02 40 92 16 36
#5,GROUPE KEPRA,Pas trouvé
#5,TRESCAL SA,Pas trouvé
#5,TECMA ARIES,Pas trouvé
#5,FLEXITECH,Pas trouvé
#2,FIVES DMS,03 20 49 35 00
#1,SAB BELMONT,04 77 63 80 30
#2,LA PRECISION SCIONZIER,04 50 98 40 77
#5,POMMIER,Pas trouvé
#1,YVELINOX,02 47 23 45 45
#5,SERMETA,Pas trouvé
#2,BCF INDUSTRIES,09 61 24 31 33
#5,GSTI,Pas trouvé
#5,OREXAD-BRAMMER,Pas trouvé
#5,SERMATI,Pas trouvé
#2,GROUPE GILO INVEST,01 44 68 33 33
#5,MECALECTRO,Pas trouvé
#5,BOURG FRÈRES,Pas trouvé
#5,ALPHITAN GROUP,Pas trouvé
#5,GILLOUAYE SAS,Pas trouvé
#1,PELLENC SAS,+61 8 8244 7700
#2,FIVES FCB,01 45 23 75 75
#2,CHOQUENET SAS,03 23 40 36 00
#5,DEVISMES,Pas trouvé
#5,NEW LACHAUSSEE,Pas trouvé
#2,SAH LEDUC,02 40 72 41 99
#2,TAMA AERNOVA FRANCE,02 43 62 13 14
#2,CNIM,01 44 31 11 00
#5,BAUMERT,Pas trouvé
#5,CEGELEC CEM,Pas trouvé
#5,TERREAL,Pas trouvé
#5,OSE,Pas trouvé
#5,ECHAME,Pas trouvé
#5,SKIOLD ACEMO,Pas trouvé
#5,CLESSE INDUSTRIES,Pas trouvé
#2,BOUVERAT-PERNAT,04 50 98 05 84
#2,CNIM,01 44 31 11 00
#2,DEVILLE RECTIFICATION,04 71 66 29 71
#5,CHAPLAIN,Pas trouvé
#5,BRANDT,Pas trouvé
#5,CÈDRES INDUSTRIES,Pas trouvé
#5,EUROTECH,Pas trouvé
#5,TECHNIBAG,Pas trouvé
#2,GROUPE DES INDUSTRIES MÉTALLURGIQUES - GIM,01 41 92 35 00
#5,BOA FLEXIBLE SOLUTIONS,Pas trouvé
#5,POLYSIUS,Pas trouvé
#5,SIA,Pas trouvé
#2,CETIM GRAND EST,03 89 32 72 20
#2,CETIM GRAND EST,03 89 32 72 20
#5,ILÉO,Pas trouvé
#2,ROBATEL INDUSTRIES,04 92 70 63 35
#5,COMAP INDUSTRIES,Pas trouvé
#5,SUPRATEC,Pas trouvé
#5,MAILLEUX,Pas trouvé
#2,FIVES MAINTENANCE,01 64 12 47 62
#2,BARBANEL,04 84 47 03 91
#5,VESUVIUS FLOW CONTROL DIGITAL SERVICES,Pas trouvé
#2,LASER SYSTEMS & SOLUTIONS OF EUROPE,01 41 11 27 20
#2,EMITECH,02 37 31 34 70
#5,POMMIER,Pas trouvé
#5,PARROT,Pas trouvé
#2,SERVI DORYL - ALPMA SERVI (GROUPE ALPMA),02 47 96 11 50
#2,ITON SEINE,01 30 98 20 80
#5,ENERIA,Pas trouvé
#2,ALLIMAND,04 76 65 37 28
#2,CETIM - CENTRE TECHNIQUE DES INDUSTRIES MÉCANIQUES,04 91 29 98 66
#2,LES ATELIERS GRANDIS,02 33 91 17 60
#5,CRM MECA,Pas trouvé
#2,GROUPE DES INDUSTRIES METALLURGIQUES - GIM,01 41 92 35 00
#2,EXOSUN,05 56 64 09 24
#1,BAUDIN CHATEAUNEUF,02 38 46 38 46
#2,PROCODIS FRANCE,01 47 98 43 82
#5,SERA - INDUSTRIE,Pas trouvé
#2,FIVES NORDON,01 42 09 51 81
#5,NIPSON TECHNOLOGY,Pas trouvé
#5,BOA FLEXIBLE SOLUTIONS,Pas trouvé
#5,PARROT,Pas trouvé
#5,PROD LAB,Pas trouvé
#1,BUFAB,+44 28 9278 0000
#5,ALSTEF GROUP,Pas trouvé
#5,JENOPTIK,Pas trouvé
#5,SEG - SOGEMA ENGINEERING,Pas trouvé
#5,FROMFROID,Pas trouvé
#2,TUBAO SAS,02 35 33 66 77
#5,JOHNSON CONTROL,Pas trouvé
#5,COMETE - GROUPE FAYAT,Pas trouvé
#2,PEUGEOT SAVEURS SNC,03 81 63 79 00
#2,SDMS LA CHAUDRONNERIE BLANCHE,04 76 64 90 56
#5,ADEXSI,Pas trouvé
#2,CNIM,01 44 31 11 00
#5,GERFLOR,Pas trouvé
#5,POLYSIUS,Pas trouvé
#2,ITON SEINE,01 30 98 20 80
#2,ROIRET ENERGIES,04 72 73 73 73
#5,BIEBUYCK SA,Pas trouvé
#5,TITEFLEX EUROPE,Pas trouvé
#5,TECMA ARIES,Pas trouvé
#5,AGRATI GROUP,Pas trouvé
#5,ANDRE LAURENT SAS,Pas trouvé
#5,ECOFIT,Pas trouvé
#5,REEL,Pas trouvé
#5,BERNARD CONTROLS,Pas trouvé
#2,VERNET GROUP,01 60 83 03 03
#2,EAMS INDUSTRIE - 29000 -  QUIMPER,02 98 90 80 80
#5,MERCIER ENGRENAGES,Pas trouvé
#2,TORBEL INDUSTRIE,04 93 91 01 44
#5,SOULIER LPM,Pas trouvé
#2,CNIM,01 44 31 11 00
#3,DECAYEUXSTI,04 27 11 86 11
#2,SANDEN MANUFACTURING EUROPE,02 99 45 58 58
#2,MANQUILLET PARIZEL,03 24 53 41 63
#2,CRYO DIFFUSION,02 32 59 03 68
#2,GROUPE ADF,04 42 77 48 50
#5,AVANTIS ENGINEERING,Pas trouvé
#2,ROBATEL INDUSTRIES,04 92 70 63 35
#5,VESUVIUS FLOW CONTROL DIGITAL SERVICES,Pas trouvé
#2,LASER SYSTEMS & SOLUTIONS OF EUROPE,01 41 11 27 20
#2,SERVI DORYL - ALPMA SERVI (GROUPE ALPMA),02 47 96 11 50
#5,LES ATELIERS GRANDIS,Pas trouvé
#1,MAUCOUR FRANCE,02 40 92 16 36
#5,GROUPE KEPRA,Pas trouvé
#1,TRESCAL SA,04 42 62 85 80
#5,TECMA ARIES,Pas trouvé
#5,FLEXITECH,Pas trouvé
#2,FIVES DMS,01 45 23 75 75
#2,SAB BELMONT,04 77 63 80 30
#2,LA PRECISION SCIONZIER,04 50 98 40 77
#5,POMMIER,Pas trouvé
#5,YVELINOX,Pas trouvé
#5,SERMETA,Pas trouvé
#5,BCF INDUSTRIES,Pas trouvé
#5,GSTI,Pas trouvé
#5,OREXAD-BRAMMER,Pas trouvé
#5,SERMATI,Pas trouvé
#2,GROUPE GILO INVEST,01 44 68 33 33
#5,MECALECTRO,Pas trouvé
#5,BOURG FRÈRES,Pas trouvé
#2,COMAP INDUSTRIES,04 78 78 16 00
#5,MAILLEUX,Pas trouvé
#5,ENERIA,Pas trouvé
#2,CETIM - CENTRE TECHNIQUE DES INDUSTRIES MECANIQUES,04 91 29 98 66
#5,ALPHITAN GROUP,Pas trouvé
#2,GILLOUAYE SAS,02 99 42 22 22
#1,PELLENC SAS,+61 8 8244 7700
#2,FIVES FCB,01 45 23 75 75
#2,CHOQUENET SAS,03 23 40 36 00
#5,DEVISMES,Pas trouvé
#5,NEW LACHAUSSEE,Pas trouvé
#3,SAH LEDUC,02 40 72 41 99
#2,TAMA AERNOVA FRANCE,02 43 62 13 14
#2,CNIM,01 44 31 11 00
#5,BAUMERT,Pas trouvé
#5,CEGELEC CEM,Pas trouvé
#5,TERREAL,Pas trouvé
#5,OSE,Pas trouvé
#5,ECHAME,Pas trouvé
#5,SIA,Pas trouvé
#2,CETIM GRAND EST,03 89 32 72 20
#5,ILEO,Pas trouvé
#2,EMITECH,02 37 31 34 70
#5,SKIOLD ACEMO,Pas trouvé
#5,CLESSE INDUSTRIES,Pas trouvé
#2,BOUVERAT-PERNAT,04 50 98 05 84
#5,SUPRATEC,Pas trouvé
#5,BARBANEL,Pas trouvé
#2,CNIM,01 44 31 11 00
#2,DEVILLE RECTIFICATION,04 71 66 29 71
#2,FIVES MAINTENANCE,01 64 12 47 62
#5,POMMIER,Pas trouvé
#2,ALLIMAND,04 76 65 37 28
#5,CHAPLAIN,Pas trouvé
#5,BRANDT,Pas trouvé
#3,CÈDRES INDUSTRIES,03 20 68 56 66
#5,EUROTECH,Pas trouvé
#5,TECHNIBAG,Pas trouvé
#5,CRM MECA,Pas trouvé
#2,GROUPE DES INDUSTRIES METALLURGIQUES - GIM,01 41 92 35 00
#2,EXOSUN,05 56 64 09 24
#1,BAUDIN CHATEAUNEUF,02 38 46 38 46
#2,PROCODIS FRANCE,01 47 98 43 82
#5,SERA - INDUSTRIE,Pas trouvé
#1,FIVES NORDON,03 83 39 54 00
#5,NIPSON TECHNOLOGY,Pas trouvé
#5,BOA FLEXIBLE SOLUTIONS,Pas trouvé
#5,PARROT,Pas trouvé
#5,PROD LAB,Pas trouvé
#1,BUFAB,+44 28 9278 0000
#5,ALSTEF GROUP,Pas trouvé
#5,JENOPTIK,Pas trouvé
#5,SEG - SOGEMA ENGINEERING,Pas trouvé
#5,FROMFROID,Pas trouvé
#2,TUBAO SAS,02 35 33 66 77
#5,JOHNSON CONTROL,Pas trouvé
#2,COMETE - GROUPE FAYAT,04 72 46 90 00
#2,PEUGEOT SAVEURS SNC,03 81 63 79 00
#2,SDMS LA CHAUDRONNERIE BLANCHE,04 76 64 90 56
#5,ADEXSI,Pas trouvé
#2,CNIM,01 44 31 11 00
#5,GERFLOR,Pas trouvé
#5,POLYSIUS,Pas trouvé
#2,ITON SEINE,01 30 98 20 80
#2,ROIRET ENERGIES,04 72 73 73 73
#5,BIEBUYCK SA,Pas trouvé
#5,TITEFLEX EUROPE,Pas trouvé
#5,TECMA ARIES,Pas trouvé
#5,AGRATI GROUP,Pas trouvé
#2,ANDRE LAURENT SAS,04 77 59 32 80
#5,ECOFIT,Pas trouvé
#5,REEL,Pas trouvé
#2,BERNARD CONTROLS,01 34 07 71 80
#3,VERNET GROUP,01 60 83 03 03
#2,EAMS INDUSTRIE - 29000 -  QUIMPER,02 98 90 80 80
#2,MERCIER ENGRENAGES,01 48 58 21 56
#2,TORBEL INDUSTRIE,04 93 91 01 44
#5,SOULIER LPM,Pas trouvé
#2,CNIM,01 44 31 11 00
#3,DECAYEUXSTI,04 27 11 86 11
#2,SANDEN MANUFACTURING EUROPE,02 99 45 58 58
#2,MANQUILLET PARIZEL,03 24 53 41 63
#2,CRYO DIFFUSION,02 32 59 03 68
#2,GROUPE ADF,04 42 77 48 50
#2,AVANTIS ENGINEERING,04 42 90 50 80
#2,ROBATEL INDUSTRIES,04 92 70 63 35
#5,VESUVIUS FLOW CONTROL DIGITAL SERVICES,Pas trouvé
#2,LASER SYSTEMS & SOLUTIONS OF EUROPE,01 41 11 27 20
#2,SERVI DORYL - ALPMA SERVI (GROUPE ALPMA),02 47 96 11 50
#5,LES ATELIERS GRANDIS,Pas trouvé
#2,MAUCOUR FRANCE,02 40 92 16 36
#5,GROUPE KEPRA,Pas trouvé
#1,TRESCAL SA,04 42 62 85 80
#5,TECMA ARIES,Pas trouvé
#5,FLEXITECH,Pas trouvé
#2,FIVES DMS,03 20 49 35 00
#2,SAB BELMONT,04 77 63 80 30
#2,LA PRECISION SCIONZIER,04 50 98 40 77
#5,POMMIER,Pas trouvé
#5,YVELINOX,Pas trouvé
#5,SERMETA,Pas trouvé
#5,BCF INDUSTRIES,Pas trouvé
#5,GSTI,Pas trouvé
#5,OREXAD-BRAMMER,Pas trouvé
#5,SERMATI,Pas trouvé
#3,GROUPE GILO INVEST,01 44 68 33 33
#5,MECALECTRO,Pas trouvé
#5,BOURG FRÈRES,Pas trouvé
#2,COMAP INDUSTRIES,04 78 78 16 00
#5,MAILLEUX,Pas trouvé
#5,ENERIA,Pas trouvé
#2,CETIM - CENTRE TECHNIQUE DES INDUSTRIES MECANIQUES,04 91 29 98 66
#5,ALPHITAN GROUP,Pas trouvé
#2,GILLOUAYE SAS,02 99 42 22 22
#4,PELLENC SAS,+61 8 8244 7700
#2,FIVES FCB,01 45 23 75 75
#2,CHOQUENET SAS,03 23 40 36 00
#5,DEVISMES,Pas trouvé
#5,NEW LACHAUSSEE,Pas trouvé
#2,SAH LEDUC,02 51 12 22 10
#2,TAMA AERNOVA FRANCE,02 43 62 13 14
#2,CNIM,01 44 31 11 00
#5,BAUMERT,Pas trouvé
#5,CEGELEC CEM,Pas trouvé
#5,TERREAL,Pas trouvé
#5,OSE,Pas trouvé
#5,ECHAME,Pas trouvé
#5,SIA,Pas trouvé
#2,CETIM GRAND EST,03 89 32 72 20
#5,ILEO,Pas trouvé
#2,EMITECH,02 37 31 34 70
#5,SKIOLD ACEMO,Pas trouvé
#1,CLESSE INDUSTRIES,04 78 78 15 00
#2,BOUVERAT-PERNAT,04 50 98 05 84
#3,SUPRATEC,01 69 11 81 81
#5,BARBANEL,Pas trouvé
#2,CNIM,01 44 31 11 00
#2,DEVILLE RECTIFICATION,04 71 66 29 71
#2,FIVES MAINTENANCE,01 64 12 47 62
#5,POMMIER,Pas trouvé
#5,ALLIMAND,Pas trouvé
#5,CHAPLAIN,Pas trouvé
#5,BRANDT,Pas trouvé
#5,CÈDRES INDUSTRIES,Pas trouvé
#5,EUROTECH,Pas trouvé
#5,TECHNIBAG,Pas trouvé
#5,1000 SOLUTIONS GROUP,Pas trouvé
#1,3C FRANCE,02 48 81 66 66
#4,3C FRANCE,02 48 81 66 66
#5,4CAD GROUP,Pas trouvé
#5,ABYLSEN,Pas trouvé
#2,ACTEMIUM HANDLING SYSTEMS,03 89 28 59 60
#5,ADDUP,Pas trouvé
#5,AE2I,Pas trouvé
#5,AIRFLUX,Pas trouvé
#1,ALDES,04 42 62 80 20
#5,ALDES OFFICIAL,Pas trouvé
#2,ALVANCE ALUMINIUM GROUP,04 96 15 51 55
#2,AMARIS GROUP,01 83 75 75 60
#5,AMMANN GROUP,Pas trouvé
#1,AMMERAAL BELTECH,+34 937 183 054
#2,ANTEA GROUP,04 91 90 01 35
#5,APR,Pas trouvé
#5,APTITUDE EXPERTS,Pas trouvé
#5,ARCYS,Pas trouvé
#5,ARKADIA GROUP,Pas trouvé
#5,ATYX,Pas trouvé
#5,ATYX,Pas trouvé
#5,AUDENSIEL,Pas trouvé
#2,AVENAO INDUSTRIE,04 78 65 16 00
#2,B-HIVE ENGINEERING,09 84 37 53 74
#2,B&S INTERNATIONAL FRANCE/BRUUN & SORENSEN SUISSE,04 50 42 00 05
#2,BABCOCK WANSON INTERNATIONAL,01 46 87 74 65
#5,BANIDES ET DEBEAURAIN,Pas trouvé
#2,BAUD INDUSTRIES,04 50 98 22 39
#2,BECK & POLLITZER FRANCE SAS - TRANSFERT INDUSTRIEL,03 27 29 56 20
#5,BEELSE,Pas trouvé
#5,BENNE SA,Pas trouvé
#5,BOMAG GMBH,Pas trouvé
#1,BONTAZ,04 50 89 38 00
#1,BOSCH AUTOMOTIVE SERVICE SOLUTIONS FRANCE,0 892 69 80 10
#5,BROCHOT,Pas trouvé
#1,BUFAB,+44 28 9278 0000
#5,BWT,Pas trouvé
#1,CALIDER INDUSTRIE,03 85 77 07 54
#5,CARRIER COMMERCIAL REFRIGERATION,Pas trouvé
#5,CARRIER FRANCE,Pas trouvé
#2,CARTOL POITOU CHARENTES,05 49 81 31 74
#5,CBE GROUP,Pas trouvé
#5,CEFIVAL,Pas trouvé
#2,CEGELEC NDT,01 61 30 54 24
#5,CEMENTYS,Pas trouvé
#2,CHABAS & BESSON,02 51 34 10 33
#5,CIC ORIO,Pas trouvé
#2,CLEMESSY,03 89 32 37 37
#2,CLEMESSY SERVICES,04 42 15 33 00
#2,CLEMESSY SERVICES,04 42 15 33 00
#2,CLEMESSY SERVICES,04 42 15 33 00
#2,CLEMESSY SERVICES,04 42 15 33 00
#5,CLESSE INDUSTRIES,Pas trouvé
#5,CMC MATERIALS,Pas trouvé
#2,CNIM,01 44 31 11 00
#2,CNIM,01 44 31 11 00
#2,COGIM INTERNATIONAL S.A.,04 67 12 38 90
#2,COLAERT ESSIEUX,03 28 43 85 50
#5,COLEMAN CAMPINGAZ,Pas trouvé
#5,CTIF,Pas trouvé
#2,DELABIE,03 22 60 22 74
#2,DESMET BALLESTRA,+39 02 50831
#5,DOUCE-HYDRO,Pas trouvé
#5,EASIWARE,Pas trouvé
#5,EBERHARDT,Pas trouvé
#2,ECA GROUP,04 94 08 90 00
#3,ECM TECHNOLOGIES - FOURS INDUSTRIELS,04 76 49 65 60
#2,ECP - PROJECT MANAGEMENT & EXPERTISE,04 42 90 41 41
#2,EDHD SAS HYDROMAINTENANCE,03 28 58 89 89
#5,EFINOR,Pas trouvé
#2,EKIUM,04 28 27 00 20
#2,ERIKS FRANCE,04 72 05 46 50
#2,ERIKS FRANCE,04 72 05 46 50
#5,ERSE,Pas trouvé
#5,ESM,Pas trouvé
#5,ESSEC EXECUTIVE EDUCATION,Pas trouvé
#2,EUROFOIL FRANCE,02 32 29 25 00
#2,F2A,04 78 06 54 72
#2,FEALINX (EX CADESIS),04 78 87 46 20
#2,FELJAS ET MASSON,02 43 59 13 40
#5,FERMOD,Pas trouvé
#2,FINTECH INDUSTRIE,05 63 77 68 22
#5,FIVES,Pas trouvé
#1,FIVES INTRALOGISTICS SAS,+1 (502) 636-1414
#1,FIVES NORDON,03 83 39 54 00
#1,FONDERIE VENISSIEUX,04 26 20 66 65
#5,FRENEHARD,Pas trouvé
#5,FROMI,Pas trouvé
#5,FURMANITE,Pas trouvé
#2,GAUSSIN MANUGISTIQUE,03 84 46 13 45
#1,GEA RÉFRIGÉRATION FRANCE,02 99 66 59 69
#2,GECITECH,04 78 20 65 25
#2,GENES DIFFUSION,03 28 41 92 81
#5,GESTAL,Pas trouvé
#2,GILLET GROUP S.A.,03 25 31 87 38
#2,GIMA S.A.,03 44 11 32 32
#2,GOUBARD SARL,02 41 76 60 30
#2,GROUPE ADF,04 42 77 48 50
#2,GROUPE ADF,04 42 77 48 50
#5,GROUPE AWM,Pas trouvé
#5,GROUPE BARET,Pas trouvé
#2,GROUPE DELACHAUX,01 46 88 15 00
#2,GROUPE EMILE DUFOUR SAS,01 30 98 33 34
#5,GROUPE GEOSTOCK,Pas trouvé
#2,GROUPE IDEC,01 44 94 94 50
#2,GROUPE INATIS,03 20 68 55 00
#5,GROUPE INGELIANCE,Pas trouvé
#5,GROUPE KPF,Pas trouvé
#5,GROUPE MRZ (INVESTISSEMENT-LOCATIF),Pas trouvé
#5,GROUPE MULLER,Pas trouvé
#5,GROUPE NEXTROAD,Pas trouvé
#5,GROUPE ROCHETTE INDUSTRIE,Pas trouvé
#1,GROUPE ROUX JOURFIER,04 71 76 54 88
#2,GROUPE SEEB,03 85 26 52 55
#2,GROUPE SERAP,02 43 08 49 49
#5,GROUPE SUÉDOIS AXFLOW (AXEL JOHNSON INTERNATIONAL),Pas trouvé
#5,GROUPE TAM,Pas trouvé
#2,GROUPE TRESCAL,04 42 46 99 60
#2,GRUPPO CIMBALI SPA,+39 02 900491
#5,HALTON,Pas trouvé
#5,HARDI-EVRARD,Pas trouvé
#5,HASLER GROUP,Pas trouvé
#5,HEXADOME,Pas trouvé
#3,HYDRO LEDUC,03 83 76 77 40
#5,ICE WATER ENGINEERING,Pas trouvé
#5,ID CASTING GROUP,Pas trouvé
#5,IKO,Pas trouvé
#1,ILEX ASCENSEURS,04 91 03 51 02
#2,INGELIANCE,05 56 97 66 51
#5,INTECH GROUP,Pas trouvé
#5,INTERCHAUX SA,Pas trouvé
#5,ISL,Pas trouvé
#5,ISP SYSTEM,Pas trouvé
#5,JACIR,Pas trouvé
#2,JACUZZI FRANCE,06 10 51 89 61
#5,JAMES WALKER,Pas trouvé
#2,JEAN CHEREAU SAS,02 33 58 06 00
#5,KIP EUROPE,Pas trouvé
#5,LAB'SCIENCE,Pas trouvé
#2,LATTY INTERNATIONAL,02 37 44 77 77
#2,LEON FARGUES,04 72 67 13 72
#2,LINAMAR MONTFAUCON TRANSMISSION,04 71 65 66 81
#5,LINCOLN,Pas trouvé
#2,LOUIS GENTILIN S.A.S.,05 34 27 36 00
#2,MAISON DE SANTE MAILHOL - LABASTIDE BEAUVOIR,05 62 71 79 79
#2,MANOIR INDUSTRIES GROUP,01 44 69 88 10
#2,MANOIR INDUSTRIES GROUP,01 44 69 88 10
#2,MANOIR INDUSTRIES GROUP,01 44 69 88 10
#5,MATTEI COMPRESSEUR FRANCE,Pas trouvé
#2,MAUGARS INDUSTRIE,02 35 24 64 00
#2,MCA GROUPE,01 53 30 11 00
#2,MECABRIVE INDUSTRIES,05 55 92 75 00
#5,MECADAQ GROUP,Pas trouvé
#5,MECAPOLE,Pas trouvé
#5,MECAPOLE,Pas trouvé
#2,METZ MÉTROPOLE,03 87 20 10 00
#2,MEUNIER SA - ECDA,02 97 81 10 52
#2,MORILLON SAS,02 41 56 50 14
#2,MPS TOILETTES AUTOMATIQUES,05 58 77 47 47
#5,MS LE SABLE,Pas trouvé
#5,MTV DEVELOPPEMENT,Pas trouvé
#5,NEU-JKF,Pas trouvé
#2,NEWTEC BAG PALLETIZING MEMBRE GROUPE  HAVER & BOECKER,03 89 63 37 50
#5,NEXSON-GROUP,Pas trouvé
#1,NORCAN SAS,03 88 93 26 26
#5,NOWAK SAS,Pas trouvé
#1,ONET TECHNOLOGIES,04 91 23 22 21
#1,ONET TECHNOLOGIES,04 91 23 22 21
#5,OREM-ASTRE,Pas trouvé
#5,PELLENC GROUP,Pas trouvé
#2,PEUGEOT SAVEURS SNC,03 81 63 79 00
#5,PEWAG,Pas trouvé
#2,PINET INDUSTRIE,01 49 38 27 00
#2,PINETTE EMIDECAU INDUSTRIES,03 85 47 88 00
#1,PLASTIQUES PÖPPELMANN FRANCE,03 89 63 33 10
#5,POMMIER,Pas trouvé
#5,PRAMAC,Pas trouvé
#5,PRAMAC,Pas trouvé
#2,PRECIA MOLEN,04 90 04 45 50
#5,PRODWAYS GROUP,Pas trouvé
#5,R.BOURGEOIS,Pas trouvé
#2,RABAUD,02 51 48 51 51
#5,RAFER,Pas trouvé
#5,RÉAMÉTAL,Pas trouvé
#5,REOREV,Pas trouvé
#5,RISA GROUPE HTI,Pas trouvé
#5,ROSINOX,Pas trouvé
#5,ROULEAUX PACK,Pas trouvé
#5,SADEV RACING TRANSMISSION,Pas trouvé
#2,SAS NOVOUTILS,04 50 98 61 11
#5,SAS TRB,Pas trouvé
#5,SAVOYE,Pas trouvé
#2,SEA PRODUCTIQUE,02 40 68 70 28
#5,SEGEPO GROUP,Pas trouvé
#5,SELENIUM MEDICAL,Pas trouvé
#5,SERES TECHNOLOGIES - GROUPE GORGÉ,Pas trouvé
#5,SERMATI,Pas trouvé
#5,SIC MARKING GROUP,Pas trouvé
#3,SIGMAPHI,02 97 01 08 80
#2,SMOC INDUSTRIES,04 76 07 01 47
#2,SOCIETE NOUVELLE SOTRALENTZ CONSTRUCTION,0 820 90 38 03
#5,SOCITEC GROUP,Pas trouvé
#5,SOTRALU,Pas trouvé
#5,SPHEREA,Pas trouvé
#5,STOELZLE GLASS GROUP,Pas trouvé
#5,SUBTRAN,Pas trouvé
#5,SWISSLOG,Pas trouvé
#1,TECOFI SAS (FRANCE ),04 72 79 05 79
#5,TECOFI SAS (INTERNATIONAL),Pas trouvé
#2,TENTE,04 96 15 51 55
#5,TEOPLUS,Pas trouvé
#2,THYSSENKRUPP MATERIALS FRANCE,01 30 69 87 33
#2,TISSOT INDUSTRIE,04 42 10 23 23
#5,TOUTECHNICIENS,Pas trouvé
#1,TRESCAL,05 56 28 59 95
#2,TRILOGIQ FRANCE,01 34 30 74 74
#5,TSA INOX,Pas trouvé
#5,TYROLIT,Pas trouvé
#2,URANIE INTERNATIONAL,03 44 91 65 04
#5,VALANTUR,Pas trouvé
#5,VIBRATEC,Pas trouvé
#2,VINCI ENERGIES,04 42 90 45 50
#5,VISIATIV FABRICATION ADDITIVE - VALLA 3D PRINTING,Pas trouvé
#3,WEBORAMA / GROUPE YCOR,01 53 19 21 40
#5,WEMAINTAIN,Pas trouvé
#5,WEMANITY,Pas trouvé
#5,WITTUR GROUP,Pas trouvé
#1,Mend's,06 03 40 00 14
#5,Mercury Assurances,Pas trouvé
#5,Mercury.one,Pas trouvé
#2,Meridiam,01 53 34 96 96
#2,Meridian Executive Search Consultants,01 53 57 47 27
#1,Merixstudio,+48 61 835 94 60
#5,Merritt Group,Pas trouvé
#5,Mesi,Pas trouvé
#1,Messe Frankfurt France,01 55 26 89 89
#2,Metrohm France,04 94 12 28 81
#2,Mgp (Mutuelle Generale De La Police),09 71 10 11 12
#2,Michaud S.a,04 88 86 42 17
#5,Microsens Gmbh & Co. Kg,Pas trouvé
#2,Midi 2I,05 62 30 10 52
#5,Mikado International,Pas trouvé
#5,Mil Institute,Pas trouvé
#2,Mills,01 48 35 65 65
#5,Mindbowser Inc,Pas trouvé
#2,Minoterie Girardeau,02 40 06 86 86
#5,Mirago,Pas trouvé
#2,Mirakl,01 72 31 62 00
#5,Mjn Transport,Pas trouvé
#5,Mobile Distillery,Pas trouvé
#5,Mobile Outfitters Switzerland,Pas trouvé
#5,Mobile Tech People,Pas trouvé
#5,Mobinergy,Pas trouvé
#5,Mobius Management Systems,Pas trouvé
#5,Mochi Chic,Pas trouvé
#2,Molnlycke Health Care,03 20 12 20 70
#1,Molteni&c,+39 0362 851334
#5,Monalabs,Pas trouvé
#5,Mondo,Pas trouvé
#2,Monext,04 42 25 15 15
#2,Monin,02 48 50 64 36
#5,Montagu Private Equity,Pas trouvé
#2,Monte Cristo Consulting Group,04 72 88 25 25
#1,Montsetterroirs,09 64 43 87 67
#2,Morgan Philips Group,01 58 56 59 58
#2,Mosaïque Environnement,04 78 03 18 18
#2,Motoblouz - D3t Distribution,03 74 02 01 42
#5,Movow,Pas trouvé
#2,Mphabitat,06 60 26 64 53
#5,Mrs Groupe,Pas trouvé
#1,Msa Du Var,04 94 60 38 38
#2,Musee Du Louvre,01 40 20 50 50
#5,Music Work,Pas trouvé
#5,Mutant Media,Pas trouvé
#5,Mutuale, La Mutuelle Familiale,Pas trouvé
#2,Mutuelle Civile De La Défense (Mcdef),0 810 00 10 18
#2,Mutuelle Des Architectes Français Assurances,01 53 70 30 00
#2,Mutuelle Du Ministère De La Justice,01 44 76 68 68
#5,Mutuelle Mèdico Chirurgicale,Pas trouvé
#5,Mygeogram,Pas trouvé
#2,Myposeo,09 72 26 52 37
#2,N-Side,04 42 59 56 61
#5,Nahimic,Pas trouvé
#2,Nantes Capacités,02 72 64 88 81
#2,Naulier & Associés,01 40 23 95 25
#2,NBA,02 99 94 59 60
#5,Nda***,Pas trouvé
#2,Neghome - Courtier En Prãªt Immobilier,04 94 09 00 66
#2,Nell & Associés,01 77 19 34 48
#2,Neoen,01 70 91 62 62
#5,Neofor - Wood And More,Pas trouvé
#5,Neoniche Integrated Solutions Pvt. Ltd.,Pas trouvé
#2,Neos-Sdi,04 26 83 01 70
#2,Neotec,04 91 37 94 40
#5,Neovian Partners,Pas trouvé
#1,Nespresso France,0 800 55 52 53
#5,Netpartnering,Pas trouvé
#2,Neu France,01 47 78 70 06
#2,New3dge,01 80 87 62 06
#2,Newclip Technics,02 28 21 37 12
#2,Newlode Group,01 47 42 72 24
#5,Next Day Animations,Pas trouvé
#2,Nextedia,01 40 33 30 01
#5,Nextstage Asset Management,Pas trouvé
#5,Nifty Learning,Pas trouvé
#1,Nimbata,+1 (888) 340-8380
#5,Nine United,Pas trouvé
#2,Nippon Express France,01 41 84 63 81
#2,Nipro Glass France,03 86 30 59 10
#5,Nmg Group,Pas trouvé
#2,Nord Constructions Nouvelles,04 13 64 64 64
#5,Nord Security,Pas trouvé
#1,Normann Copenhagen,+45 35 55 44 59
#5,Norsk Hydro,Pas trouvé
#5,Northstarinbound,Pas trouvé
#2,Arkopharma,04 93 29 11 28
#2,Safe Orthopaedics,01 34 21 50 00
#2,Ales Groupe,01 53 93 99 00
#5,Leboncoin,Pas trouvé
#2,Flammarion,01 47 34 51 52
#2,Orpea,04 91 30 58 00
#2,Cmg Sports Club,01 41 04 70 00
#5,Parexlanko,Pas trouvé
#2,Cromology Services,01 41 27 62 00
#1,Agap2,09 52 44 20 92
#2,Sfeir,01 41 38 52 00
#1,Babilou,04 91 79 29 24
#5,L'Olivier Assurance-Auto,Pas trouvé
#2,Ipsos,01 41 98 90 00
#2,Groupe Hedis,04 90 70 31 67
#2,Doris Engineering,01 44 06 10 00
#5,D-Edge Hospitality Solutions,Pas trouvé
#2,Proxiad,01 44 83 83 70
#2,Exane,01 42 99 50 00
#2,Guerbet,09 62 18 97 36
#5,Expanscience,Pas trouvé
#2,Oodrive,01 46 22 07 00
#5,Jems,Pas trouvé
#2,Groupe Assu 2000,01 48 46 04 83
#2,Linkbynet,01 48 13 00 00
#2,Cegedim,04 91 80 86 50
#2,Editions Gallimard,01 49 54 42 00
#2,Chimirec,0 825 00 60 60
#2,Arrow Ecs France,01 49 97 50 00
#5,Lectra,Pas trouvé
#2,Numen,04 91 69 12 60
#2,Cegos,01 55 00 90 00
#2,Business & Décision,04 91 01 55 70
#2,Quanteam,01 45 63 32 89
#2,Elsan,01 58 56 16 80
#2,Garance,06 17 40 34 36
#2,Abilways,01 44 09 24 24
#2,Groupe Micropole,04 42 97 53 90
#2,Ymagis,01 42 25 66 89
#2,Circles,01 46 99 87 68
#1,Groupe Moniteur,01 40 13 32 50
#5,Fi Group,Pas trouvé
#5,Younited Credit,Pas trouvé
#1,Nature Et Découvertes,04 91 91 98 98
#5,Euler Hermes,Pas trouvé
#2,Scaleway,01 84 13 00 50
#5,Wynd!,Pas trouvé
#2,Navya Sas,04 69 73 17 10
#2,Broadpeak,02 22 74 03 50
#5,Havea Group,Pas trouvé
#2,Horoquartz,04 42 22 68 98
#2,Vital Concept,02 96 28 36 98
#2,Niji,01 58 88 30 72
#3,Groupe D'Aucy,02 97 54 50 38
#2,Vulcanic Group,01 49 44 49 44
#2,Urgo,03 80 54 50 00
#2,Euronews,04 28 67 00 00
#2,Boiron,04 91 95 52 03
#2,Delta Drone,04 27 46 51 07
#1,Zolpan,04 91 18 50 40
#1,Panzani,04 91 10 02 00
#2,Esker France,04 72 83 46 46
#2,Korus,04 42 75 75 90
#1,Ecm Technologies,04 76 49 65 60
#2,Tessi Documents Services,01 41 31 53 83
#5,Virbac,Pas trouvé
#2,Cheops Technology,04 42 52 52 60
#2,Ceva Sante Animale,05 57 55 40 40
#5,Compagnie Fiduciaire!,Pas trouvé
#2,Gt Logistics,05 57 95 09 09
#2,Aptiskills,01 47 79 06 36
#5,Lmdw,Pas trouvé
#1,Aeroports De Lyon,0 826 80 08 26
#2,Groupe Demos,09 88 66 14 00
#2,Euro Protection Surveillance,04 91 62 77 61
#3,Eutelsat,01 53 98 47 47
#1,Graines Voltz,03 89 20 18 18
#5,Radiall,Pas trouvé
#5,S&h Groupe,Pas trouvé